name,s,mux,muy,x,y,betx,bety,dx_zeta,dy_zeta
BPV.51708,23.26420000000053,0.09505316325102386,0.07004990800690802,7.283863588632921e-05,1.628299995103944e-22,21.232281213408456,103.2432940466147,1.971521756928017e-06,1.6203093437163122e-33
BPCE.51833,60.73739999999998,0.2360965309731804,0.22112745838610293,-5.385670511404441e-05,5.234069324807673e-23,93.13241900773762,23.377454690321105,9.050877559914515e-05,-6.339834436609265e-34
BPV.51931,91.23559999999998,0.36872236516349144,0.3184761243508699,-0.00010349501977432647,1.9987941190997418e-23,21.679556323274948,100.28195843965347,5.384405077301353e-05,-3.560191737922265e-33
BPMBH.51999,117.0621000000001,0.4662290148953915,0.4066166489466779,-0.00024559811531011847,-3.295553698783971e-23,93.04326004813655,24.046919828643976,7.92488724778126e-05,-2.7721129529058497e-33
BPH.52008,119.25730000000021,0.469799724883991,0.42206773621189175,-0.0002576772662409801,-3.7455433458475056e-23,102.91287314740838,21.32911527229877,8.14086613696893e-05,-6.096132221627337e-29
BPV.52108,151.2550000000001,0.5791252170440007,0.5534771708703601,-8.186498709884358e-05,-1.5936715261859486e-22,21.280730959288512,102.41891336384637,3.4550592156910443e-06,-2.848621872693463e-27
BPH.52208,183.2527,0.7113338922515475,0.6640432432989771,1.6330537198689108e-05,-6.56521422863623e-23,101.76613805265075,20.977663184000555,-8.236403919819632e-05,-1.699134521649176e-27
BPV.52308,215.2503999999999,0.8219117267154041,0.7972711860810615,8.067986404111037e-05,-4.1451361110371606e-23,21.11497535979312,101.98619942640362,-5.374067964648372e-05,-2.651879506560528e-27
BPH.52408,247.2480999999998,0.9538716690223334,0.9071088007261208,0.00025877166993790456,3.122179990435338e-23,102.85691982139701,21.295207513833073,-8.969674484023835e-05,-4.359106433801871e-27
BPV.52508,279.2457999999997,1.0632138870173418,1.0385593420508823,8.96307959776234e-05,1.5544463283058716e-22,21.287325545945748,102.53221692449988,-8.845033994807999e-06,-1.4232111933018347e-26
BPH.52608,311.2435000000005,1.195332666427496,1.1489957393924346,8.881904735788104e-06,6.857777627858853e-23,101.83960732231559,20.99015041715011,7.339726299329068e-05,-1.7084379417125625e-27
BPV.52708,343.2412000000004,1.3058809751019818,1.2823110685323162,-7.207006659945609e-05,5.601031163776769e-23,21.108966426227347,101.8260894404739,5.286923139489821e-05,1.9303714357717013e-26
BPH.52808,375.2389000000003,1.437948706945146,1.3922400043142007,-0.0002585962593770187,-2.4784219964422266e-23,102.75957036018029,21.298861390499063,9.706185744022251e-05,7.896825745767367e-27
BPV.52908,407.2366000000002,1.5472969582860925,1.523549559081392,-9.725114420249681e-05,-1.501425325655682e-22,21.30501777697339,102.6832967309013,1.4154002853889104e-05,4.823725060920295e-27
BPH.53008,439.2343000000001,1.6792634226636713,1.6338509792837423,-3.56066814524029e-05,-7.090421111283243e-23,101.9318635083428,21.00206447782184,-6.364625204422057e-05,-3.854412380532979e-27
BPV.53108,471.23199999999997,1.789797649677562,1.767244846966118,6.191489531473743e-05,-7.015389979537722e-23,21.094337989624997,101.6772876701835,-5.1446327131486716e-05,-1.884934679523653e-26
BPH.53208,503.22969999999987,1.922003297569991,1.8773429355951157,0.0002542848652558397,1.8105050424423923e-23,102.66700853348304,21.275523394109186,-0.00010345969154701979,-8.294083055629724e-27
BPV.53308,535.2273999999998,2.031416144473639,2.008616694220251,0.00010307263153495728,1.4353790927677876e-22,21.30344644604647,102.83866664553508,-1.9305403161485484e-05,-8.2176338915372e-27
BPH.53408,567.2250999999997,2.1633101127794756,2.118736257197403,6.035430505458075e-05,7.261209781045299e-23,102.02619523205139,21.028187423663784,5.3314990811819626e-05,2.1010363405376046e-27
BPV.53508,599.2228000000005,2.273771669219409,2.2521465228089648,-5.195903872333732e-05,8.367876367655899e-23,21.098038661002505,101.532617680421,4.952876342155267e-05,1.654765676049519e-26
BPH.53608,631.2205000000004,2.4060476742292827,2.3624077004959356,-0.0002489459551708173,-1.1257308796127588e-23,102.56840796707446,21.252813341427032,0.00010881512388804772,8.476744037776397e-28
BPV.60108,663.2182000000003,2.5154548855157897,2.4936843590244435,-0.00010869624088844814,-1.3562820798151608e-22,21.325253801462352,102.94618822599017,2.430254422343238e-05,-1.6937437127673392e-26
BPH.60208,695.2159000000001,2.6471791826172604,2.6036122339338004,-8.617811737740643e-05,-7.36903901598895e-23,102.12056389683411,21.067318811986848,-4.2315329943700464e-05,-4.543448692940802e-27
BPV.60308,727.2136,2.7576121417973334,2.736946326014402,4.062901635840356e-05,-9.653618764228688e-23,21.087618721850856,101.43054902254704,-4.707130892647452e-05,9.12822646863218e-27
BPH.60408,759.2112999999999,2.890007123947138,2.847435409850008,0.00023954466334737435,4.297664001062744e-24,102.4779484574964,21.201238932479168,-0.00011309698123690079,1.3706171469802382e-27
BPV.60508,791.2089999999998,2.9994887716036116,2.9788433053217656,0.00011239741002239517,1.2656674814335734e-22,21.320277143386857,103.03849677982005,-2.9043239279736646e-05,-5.8526710998288055e-27
BPH.60608,823.2067999999999,3.1311445660035564,3.0885952763036624,0.00010953130037424327,7.41025633143495e-23,102.22684010513878,21.105150613615056,3.094174629055609e-05,-4.782003091058502e-27
BPV.60708,855.2044999999998,3.241515160136616,3.2218282265969327,-2.9706952027915066e-05,1.084584447369199e-22,21.085711725746403,101.36509351300806,4.415118334410941e-05,-9.679666253418808e-27
BPH.60808,887.2021999999997,3.37401485386085,3.332466136655188,-0.0002292643627969105,2.682754000514994e-24,102.36591684308343,21.167173757156608,0.00011620806204682925,-1.8112067862310525e-27
BPV.60908,919.1999000000005,3.483530198385963,3.4639818923958363,-0.00011578214035339782,-1.1635085790016823e-22,21.332377705335066,103.07543831217491,3.350261030711102e-05,5.5406673600469014e-27
BPH.61008,951.1976000000004,3.6150351849350058,3.573603155271667,-0.0001333804094801298,-7.385055502195615e-23,102.34502965589027,21.139554419456672,-1.9188706958512096e-05,4.9707047288140415e-27
BPCN.61108,983.1927999999998,3.7253400983604834,3.7067078212340645,1.7653171533194246e-05,-1.1941569767403283e-22,21.078797587470774,101.33138592357247,-4.07582213257314e-05,1.0462766056439775e-26
BPH.61208,1015.1930000000002,3.858003581239701,3.817477906955232,0.00021512359451875105,-9.636606592791671e-24,102.24098605322749,21.131368791295106,-0.00011813786571504738,-6.451928232174129e-27
BPCN.61308,1047.1882000000005,3.967634257237421,3.9491092032135366,0.00011717205243268228,1.0509949812289378e-22,21.318000448294026,103.09480570276074,-3.758864373948168e-05,-3.2794696830426526e-26
BPH.61408,1079.1884,4.099113792008483,4.058652174630702,0.00015423293145827794,7.292212319130255e-23,102.47996006625264,21.15998974342437,7.366263172826804e-06,-7.070495976964032e-27
BPV.61508,1111.1861,4.209341653219742,4.1916614916076815,-6.2464715777376945e-06,1.2930425416985907e-22,21.07942309217235,101.38783494090481,3.699572233472141e-05,1.423835438333457e-26
BPH.61608,1143.1837999999998,4.342088641909267,4.302416494139209,-0.00020021151141415904,1.6538207978940843e-23,102.10704772831565,21.125344399836685,0.0001188648680310604,6.45688554210725e-27
BPCE.61705,1174.3932999999997,4.446045184619037,4.432869103812718,-0.00012047999167020942,-9.014617523822855e-23,22.22687959663772,99.50483034873639,4.3444156976990054e-05,5.74364732844075e-27
BPMCA.61737,1183.4107999999997,4.509563795540361,4.44754244893243,-0.0001262444193428788,-9.307460225145544e-23,28.008523473494254,82.79804403106066,2.9893181321215295e-05,4.057342594600482e-27
BPMCA.61751,1186.12,4.5237461649939075,4.453118090234331,-0.00013763760963226296,-9.060966844843265e-23,33.088974366300135,72.25910805815296,1.1809704209794825e-05,-5.031024255923472e-27
BPCE.61804,1205.875,4.5802727856035625,4.533954979890371,-0.00025249755603015336,-7.263873783525332e-23,97.53142853225351,22.83257976748527,-2.0873020355862505e-05,-2.052325579311816e-26
BPCE.61931,1243.3194000000003,4.723633942141924,4.681380718781592,-7.451280806364991e-05,-1.3422602364637962e-22,21.750044644587767,99.66826984391257,-4.853263530653379e-05,-7.763165306294338e-26
BPH.62008,1271.1746000000003,4.824350596796055,4.785173860049675,-1.0888536977892371e-05,-2.426174179736377e-23,101.9901977837675,21.136077326558613,-0.00011788524062786579,-2.9661460562121166e-26
BPV.62108,1303.1723000000002,4.934218509801374,4.917634284216114,7.116425341796414e-05,7.799684321728555e-23,21.296365701206103,102.11089319390734,-3.659633367173589e-05,-8.368283172840952e-27
BPH.62208,1335.17,5.06556399174946,5.027825337079522,0.00025753511763500583,6.892131034768964e-23,102.71071706310278,21.160564690701985,1.0477060200035412e-05,2.047409772502179e-26
BPV.62308,1367.1677,5.175517817636099,5.15995765566193,9.715843091747264e-05,1.4690726375410518e-22,21.11959379440428,102.37611824611506,3.80630073520554e-05,7.989523159815331e-26
BPH.62408,1399.1653999999999,5.308270958094195,5.270093586007595,3.623627433633029e-05,3.076964907763654e-23,101.90543076235295,21.11798560195071,0.00011894639373427065,2.168495273374341e-26
BPV.62508,1431.1630999999998,5.418259919778507,5.402692196959342,-6.171459675446605e-05,-6.42131285994618e-23,21.274574128687163,102.03765006598239,4.0424380485989664e-05,-1.4099460422809737e-26
BPH.62608,1463.1607999999997,5.549637414714909,5.512871248492135,-0.0002546128733472603,-6.605908264058159e-23,102.77687085029713,21.173746091314026,1.4702688647602737e-06,-2.254642977252903e-26
BPV.62708,1495.1585000000005,5.659394516149663,5.644951226237545,-0.00010378668683550703,-1.5294833084367159e-22,21.168581217735156,102.37594141656828,-3.400555977488835e-05,-6.176273636895564e-26
BPH.62808,1527.1562000000004,5.792007547965469,5.755043781786614,-6.271174669323006e-05,-3.701178017363957e-23,101.83149958910383,21.131887704796426,-0.00011879211359377327,-2.757724989727236e-26
BPV.62908,1559.1539000000002,5.902193428913937,5.887581209287947,5.085572294135969e-05,4.9728061707142466e-23,21.22678714029609,102.04125006656456,-4.383708741033996e-05,-2.3387200669220973e-26
BPH.63008,1591.1516000000001,6.033715422319932,5.997824716832135,0.00024758763425451004,6.253841094630621e-23,102.83529718408757,21.15274534799605,-1.340662346948064e-05,9.438277143970303e-27
BPV.63108,1623.1493,6.143368625697404,6.129978185138138,0.00010852159085326378,1.5763276777557e-22,21.19061438783578,102.39005338175653,2.9598141164837134e-05,5.955926571643716e-26
BPH.63208,1655.147,6.275918929428139,6.240039533504879,8.687215862337574e-05,4.290305023331118e-23,101.79920430703645,21.13905956789734,0.00011744391211502344,2.8578013559009215e-26
BPV.63308,1687.1446999999998,6.386210170036525,6.372552153779888,-4.032640465354227e-05,-3.4874890367887215e-23,21.199534752187137,102.03556064959092,4.680482497840601e-05,3.4281966130932454e-26
BPH.63408,1719.1423999999997,6.51782692337444,6.4828218031015865,-0.00023959536686988001,-5.849452268277476e-23,102.85340633706655,21.1455538214899,2.5186275960992263e-05,-3.603048453431373e-27
BPV.63508,1751.1401000000005,6.627384856632109,6.615002821850558,-0.0001129569705973382,-1.6091570228998604e-22,21.217174028571737,102.39358926078255,-2.490192305305597e-05,-5.227231587578458e-26
BPH.63608,1783.1378000000004,6.759844293967086,6.724993006419971,-0.00011167593289509303,-4.844707368510311e-23,101.77712940644471,21.16101189001432,-0.00011490602349603957,-3.568707680853457e-26
BPV.10108,1815.1354999999994,6.870198580414618,6.8574195878447375,2.859632837815714e-05,1.9606608673349488e-23,21.184072180422117,102.02983432273186,-4.931470987911356e-05,-5.687508415973034e-26
BPH.10208,1847.1331999999986,7.0018630640286945,6.967771188825801,0.000227631714635471,5.389515866309799e-23,102.87107362327076,21.12090213357852,-3.677066728779921e-05,-2.521527325605056e-27
BPV.10308,1879.1308999999976,7.111435207850338,7.100036813812568,0.00011541099610156878,1.6278573183808214e-22,21.20971862346847,102.41138349873437,1.9943212661828802e-05,5.360427128168682e-26
BPH.10408,1911.1285999999968,7.243915608912866,7.210032738261733,0.00013371691188139643,5.350142421744513e-23,101.7893018398242,21.155587154508282,0.00011125465466925016,2.9754581152605974e-26
BPV.10508,1943.126299999996,7.354257264551245,7.342493481937244,-1.7405143888507565e-05,-4.373185576024133e-24,21.185465384942177,102.01635293007462,5.1337243675876575e-05,4.032637351906301e-26
BPH.10608,1975.1239999999952,7.485928780269567,7.4528277043119475,-0.00021490661000672117,-4.8895046435514766e-23,102.85671422957785,21.1288801494564,4.7960019647369386e-05,-9.045109145131528e-28
BPV.10708,2007.1216999999945,7.595441493144969,7.585067414595867,-0.00011753877067919574,-1.6319769231850737e-22,21.23138017225087,102.40428355002634,-1.478210793310073e-05,-4.980619086775939e-26
BPH.10808,2039.1193999999937,7.7278255240756035,7.695045377774505,-0.00015605401344860332,-5.810722481506938e-23,101.7969323460592,21.162693128132492,-0.00010643361717041519,-2.971236710307638e-26
BPV.10908,2071.117099999993,7.838201857162158,7.827475851566685,5.200596925818608e-06,-1.0990913668500947e-23,21.17280837148116,102.01742660728672,-5.283633299670994e-05,-3.870383368680517e-26
BPH.11008,2103.114799999993,7.969937126044245,7.9378312416239485,0.00019845335427097138,4.3426841914879095e-23,102.84332171617096,21.121895044941546,-5.870477259064285e-05,1.865455189522521e-27
BPV.11108,2135.112499999993,8.079420625760882,8.070103438763296,0.00011767293769679164,1.621689606857146e-22,21.24420813874747,102.39883738495786,9.455174292289846e-06,5.1174767764525357e-26
BPH.11208,2167.1101999999923,8.211720404088197,8.180111829314063,0.00017529070604314158,6.216315971272996e-23,101.83380555755065,21.15432432962787,0.00010053302149645289,2.7749984649309635e-26
BPV.11308,2199.107899999992,8.322167321834833,8.312558405354899,6.249312368800885e-06,2.6158780919431986e-23,21.142599665436308,102.03887863826313,5.377444105402845e-05,4.2070623119025524e-26
BPH.11408,2231.1055999999917,8.454068984421193,8.422877181879059,-0.0001815905173884217,-3.760466520442318e-23,102.79349675986484,21.128861314371026,6.876858551814371e-05,-9.31625215384161e-28
BPV.11508,2263.103299999992,8.563438831083655,8.555136139916648,-0.00011741198193028112,-1.5972143247056618e-22,21.291018474170205,102.41177581472274,-4.045941695542068e-06,-5.62409840685737e-26
BPH.11608,2295.1009999999915,8.695511169290377,8.665024873691499,-0.0001941545636453077,-6.577231001844463e-23,101.87492436177244,21.190005893758062,-9.355604553107626e-05,-3.4408899698756417e-26
BPV.11706,2326.5937999999924,8.802288545654951,8.796513034276492,-2.132604340860377e-05,-4.1748316962728715e-23,21.67256734138274,99.80845161116305,-5.4901774337821777e-05,-5.297777762170836e-26
BPH.11831,2363.072199999993,8.944169152901358,8.938106452816509,0.00016771444214722157,4.410258131351458e-23,100.81163233228382,21.68054642402101,-7.399207796346066e-05,3.544276348831181e-27
BPCE.11906,2390.4346999999925,9.04266738269461,9.038376665507938,0.00011672222569920107,1.5306412847282268e-22,22.067676140525617,99.48966116679159,-3.1058623558260643e-06,4.9873983105764884e-26
BPH.12008,2423.091899999992,9.178633863386874,9.149323296410834,0.00021207713951852005,6.884359441507187e-23,102.83644012929028,21.188286247750213,8.564219202925966e-05,3.42190850374586e-26
BPV.12108,2455.089599999991,9.288470712251659,9.281628888652397,3.096253005158485e-05,5.672435699788963e-23,21.1308801042643,102.04004849012968,5.402776585069402e-05,6.424411459065958e-26
BPSH.12174,2476.410099999991,9.399448290145935,9.331994175075708,-8.277780231116401e-05,3.980649396153991e-24,59.83245262212966,39.80855282080715,7.451748373481874e-05,2.9768333474423593e-26
BPSV.12179,2479.929099999991,9.407979084886726,9.347688399772359,-0.00010132961882370248,-5.432713365507923e-24,72.1066607635308,32.094522509484314,7.859230190342992e-05,2.323676885766312e-26
BPH.12208,2487.087299999991,9.421293770598085,9.392030984904352,-0.0001390669342428704,-2.4580975178672995e-23,101.77017808174274,21.107737789937797,8.688112356088654e-05,9.950537883744476e-27
BPCN.12308,2519.0824999999904,9.531388345848724,9.524336767515967,-0.00011252952279183675,-1.5026296792087366e-22,21.26513031042894,102.41421124759123,6.886050991717219e-06,-4.0064180459075076e-26
BPH.12408,2551.0826999999895,9.662729490372397,9.634193234914392,-0.0002265939039931804,-7.118983307891804e-23,102.89975503875664,21.19857920800683,-7.691109750711218e-05,-3.0733253962029244e-26
BPCN.12508,2583.0778999999884,9.77238752410224,9.766479415547245,-4.262485235870936e-05,-7.097035803829219e-23,21.17207566979609,101.99763973929944,-5.335357062677047e-05,-5.446338515374916e-26
BPH.12608,2615.0780999999874,9.905115191399819,9.876935905948406,0.00011549985435968753,1.784331283357987e-23,101.71593241700249,21.09279743720104,-9.465495754350252e-05,-1.40649009717042e-26
BPV.12708,2647.0757999999864,10.015421861779433,10.009321409219792,0.00010783399957577521,1.4358166688459744e-22,21.212259408358875,102.40715893278337,-1.223894431493526e-05,1.221062999841429e-26
BPH.12808,2679.0734999999854,10.146896968256907,10.119229751032242,0.00023745748676616272,7.283750487546592e-23,102.96127478695091,21.18464225848714,6.74502823039816e-05,2.3305956608537686e-26
BPV.12908,2711.0711999999844,10.256416675062225,10.251555255125966,5.3069342947871446e-05,8.440358975960374e-23,21.207687285945237,102.03431226853012,5.2136862244563235e-05,6.606389208445503e-26
BPH.13008,2743.068899999983,10.388998115711617,10.361966413045465,-9.234719913591162e-05,-1.1013807924358111e-23,101.6803792576969,21.100604701621556,0.0001014337099050151,2.0488584330881974e-26
BPV.13108,2775.066599999982,10.49941089499751,10.494349423037505,-0.00010287654691010215,-1.356307578911411e-22,21.185139530662223,102.37322329062502,1.748069584908976e-05,-5.987399338605007e-27
BPH.13208,2807.0642999999804,10.630990147334542,10.604262454432174,-0.0002474733320896274,-7.387462887237372e-23,102.96821686794037,21.189940869152434,-5.725321465199598e-05,-2.128750427415943e-26
BPVC.13305,2838.4319999999807,10.735739715061861,10.735550764851503,-6.781761062374133e-05,-9.659393275393904e-23,21.97613731679122,99.19132843451443,-5.0619948154825484e-05,-6.159438060371846e-26
BPV.13308,2839.061999999981,10.74038043120738,10.736547332495851,-6.381419579337638e-05,-9.716177049659038e-23,21.248118656447758,102.05631380185379,-5.0390508727498574e-05,-6.243974655072496e-26
BPH.13408,2871.0596999999807,10.872784494785561,10.84695923800647,6.665394542860314e-05,4.065660995058668e-24,101.69287099353716,21.095817476731057,-0.00010722680792480729,-2.0013388442348677e-26
BPV.13508,2903.0573999999815,10.983313297560311,10.979382961193576,9.605572787271096e-05,1.2649214696085579e-22,21.14593866843508,102.34782512276712,-2.2559218272726332e-05,3.572747580773776e-27
BPH.13608,2935.055099999982,11.11506838778989,11.089337323405191,0.00025345312992216477,7.423628465656234e-23,102.94929860531313,21.182314840183924,4.646712909524569e-05,2.510477067532012e-26
BPV.20108,2967.0527999999813,11.224438994275669,11.221609136175363,7.307436656592953e-05,1.0902184833898883e-22,21.258776436820447,102.10759627157256,4.811026166413527e-05,8.51486167066629e-26
BPH.20203,2997.503499999981,11.354261435694006,11.320790539603236,-3.664075772561845e-05,8.443628625264486e-24,94.8055355278985,22.93742685498924,0.00010859941054714144,2.4494470905693e-26
BPH.20208,2999.0504999999807,11.356768629684803,11.331993073521485,-4.1974707356276304e-05,2.8981625066552168e-24,101.72914559384293,21.094072124473524,0.00011187227314409668,2.109095811129276e-26
BPV.20308,3031.048199999981,11.467291045061955,11.464472991701093,-8.911267110445826e-05,-1.1626168753595967e-22,21.139804049507905,102.29225770824955,2.7397541772485346e-05,-2.476827783252347e-26
BPHT.20406,3062.193899999981,11.59778291427208,11.568135358008506,-0.0002536830582264022,-7.538142929293017e-23,98.98220622717677,22.19134510679583,-3.357487055604136e-05,-2.73506779416972e-26
BPH.20408,3063.045899999981,11.599126645263574,11.574387754978469,-0.00025839377557703764,-7.39998538463524e-23,102.88297549498702,21.206367233490596,-3.519654023304344e-05,-2.736309170951288e-26
BPV.20505,3094.413599999981,11.703847632403006,11.705520200036279,-8.627889444695458e-05,-1.1901861604000989e-22,22.004538670498413,99.29420078530195,-4.521174272280628e-05,-6.46911581109273e-26
BPV.20508,3095.043599999981,11.708482197914014,11.706515740576993,-8.240745638157656e-05,-1.2003680522178295e-22,21.27700886171225,102.16105130959606,-4.5351944614321625e-05,-6.548515948566338e-26
BPH.20608,3127.0412999999808,11.840681761298663,11.816904087477118,1.52728454804191e-05,-9.889968158423707e-24,101.7929729222703,21.0816940571761,-0.00011541530645533998,-1.6628810508389307e-26
BPVC.20705,3158.4089999999815,11.946558028202029,11.948487671601633,7.920138372210142e-05,1.0269590213667791e-22,21.829600364023534,99.3600533285905,-3.378164492147579e-05,1.792615056648236e-26
BPV.20708,3159.0389999999816,11.951228512603786,11.949482515879266,8.044981917732937e-05,1.0495409172238827e-22,21.119214075577563,102.23629492637302,-3.195684246329364e-05,1.859897719144888e-26
BPH.20808,3191.0366999999815,12.083201640787962,12.059433745038795,0.0002591975658345666,7.306861418654755e-23,102.82076510745853,21.206437723984013,2.359280181320195e-05,2.5823530911390153e-26
BPCN.20902,3221.4681999999816,12.181350053527815,12.188972980323634,9.939167478211236e-05,1.268814327102616e-22,23.179109119103558,95.19136743601008,4.132990832318627e-05,6.665385883608015e-26
BPV.20908,3223.0343999999814,12.192582512595184,12.191499895113356,9.009129873618637e-05,1.2994242974188062e-22,21.28187363765504,102.23333944695919,4.213431949448688e-05,6.886418410509217e-26
BPH.21008,3255.0320999999813,12.324706159788276,12.301837232987696,9.96504118650608e-06,1.6784302033134478e-23,101.85904907983702,21.08304137538887,0.0001177716475575092,2.0035947095146922e-26
BPV.21108,3287.029799999981,12.435220410875276,12.434472277280506,-7.180021154462598e-05,-9.269861414868336e-23,21.1155054526309,102.16435581782967,3.6187705753905286e-05,-1.0622289989096645e-26
BPH.21208,3319.027499999982,12.567275571141309,12.5444504929948,-0.00025892187942648,-7.149870545484349e-23,102.74242327353042,21.212224480265707,-1.1758749594374643e-05,-1.7561584317011316e-26
BPV.21308,3351.0251999999828,12.676611590344752,12.676454842185574,-9.771043774567139e-05,-1.3869657719611467e-22,21.312263299870533,102.27911400845473,-3.850198696217279e-05,-4.767056569464556e-26
BPCR.21402,3381.6693999999834,12.806363618716343,12.776883071439414,-3.9080500713833e-05,-2.888603179165339e-23,95.85959644354416,22.692845582932197,-0.00011541406859758462,-2.4892149615650112e-26
BPH.21408,3383.022899999983,12.808542854165413,12.786735814252634,-3.6800139848646376e-05,-2.3547997529774512e-23,101.93870660606478,21.091523122069276,-0.00011895741320798169,-2.3590093097291355e-26
BPCR.21434,3389.569399999983,12.818959450604604,12.835235411616944,-1.8641623827410142e-05,-1.5105320281167911e-24,88.70318661639388,24.92604206746386,-0.0001104117903809737,-2.159150772196435e-26
BPCR.21435,3390.4293999999827,12.820534687101091,12.840589103171046,-1.5928805661962136e-05,1.2292833650036406e-24,85.11755135548057,26.232584087277296,-0.00010803463345422977,-2.1557117407022663e-26
BPCR.21459,3399.2273999999825,12.841312074805645,12.881878092150234,1.1823955058519644e-05,2.925823200299942e-23,53.662920128718206,44.8397971416522,-8.371576526393692e-05,-2.1205296349026344e-26
BPV.21508,3415.0206999999828,12.919083937820877,12.919358355953204,6.162370514068958e-05,7.956412246223184e-23,21.091275663581165,102.16606558960049,-4.0061630501618154e-05,-2.04144811233181e-26
BPCE.21604,3445.897899999983,13.049519117575942,13.021209784799998,0.0002477351349404173,6.984515193299369e-23,97.56312913476157,22.509771069255265,-1.5190515665422977e-06,1.2462060488897907e-26
BPCE.21706,3478.2438999999817,13.155077541176087,13.159385771478728,0.0001077574124260182,1.4521891854205377e-22,22.206067346953827,99.6907700782516,3.3641527950041675e-05,6.960333953188721e-26
BPCE.21803,3509.709599999982,13.289703237897225,13.260488102383004,6.476924451423956e-05,3.613117650377206e-23,96.98641385970474,22.789118460296613,0.0001158183312621397,3.3758172880524154e-26
BPCE.21931,3547.1539999999823,13.4334176005867,13.408247251149753,-7.161070718684721e-05,-6.854688192861051e-23,21.79560926552771,99.54509014696593,3.722755677903441e-05,2.50512834667691e-26
BPH.22008,3575.0091999999822,13.533683699205666,13.51199789793662,-0.0002476832487493736,-6.587719840702893e-23,102.56877193113466,21.176840696196574,1.341293714961585e-05,-1.0247124545551877e-26
BPV.22108,3607.006899999982,13.64309513005119,13.644160403065033,-0.00010932308762373368,-1.5314483265178162e-22,21.324119132623526,102.26293907876456,-2.96128571832687e-05,-6.872078879871723e-26
BPCR.22172,3624.8693999999823,13.74299252755866,13.681953138791854,-9.486820649649025e-05,-9.386708074418773e-23,49.599441442776275,48.97662541139174,-7.748944014824926e-05,-5.148064756292253e-26
BPH.22208,3639.0045999999825,13.774811846365147,13.75436948932812,-8.979330848305766e-05,-3.7276113907333455e-23,102.13645316011664,21.12333057500543,-0.00011750233074627501,-3.340953864318662e-26
BPCN.22308,3670.9997999999828,13.885240540617877,13.886797744260399,3.8984697603630215e-05,4.900020252455416e-23,21.08262697865402,102.19373686265868,-4.6841717606971344e-05,-3.531622976169558e-26
BPH.22408,3702.9999999999823,14.017703185070614,13.996917309581644,0.0002381041552957579,6.232050335993744e-23,102.45831128793169,21.15996489202142,-2.5228364950037838e-05,1.1258511602579245e-26
BPV.22508,3734.9976999999826,14.127215503092614,14.129167843481197,0.00011289927495216037,1.5773057891070085e-22,21.314681612001518,102.24002103019261,2.490739092365742e-05,7.798479634290821e-26
BPH.22608,3766.995399999982,14.258865511679408,14.239404913790752,0.00011294156484179405,4.3118200173934817e-23,102.2589946477731,21.113864070940956,0.00011498501426173511,3.1639575712516933e-26
BPCN.22708,3798.9905999999824,14.369214665002147,14.371891267097938,-2.8036654209969496e-05,-3.4236585521694073e-23,21.082474026123375,102.17219381771358,4.933537963227408e-05,2.7755628516719097e-26
BPH.22808,3830.9907999999823,14.501791164897284,14.481972792543747,-0.00022750050072671148,-5.829292086943922e-23,102.32562675683143,21.17644047457561,3.672452667412062e-05,-7.25439990772051e-27
BPNC.22905,3862.2149999999824,14.605698777686717,14.61291715678028,-0.00011924625279879716,-1.583555455015042e-22,22.217241472796303,98.73824394840342,-1.853507206804041e-05,-5.587831517994674e-26
BPV.22908,3862.988499999982,14.611355755501883,14.614142326863236,-0.00011610776564038074,-1.6095338863705727e-22,21.32471461007452,102.25661782028699,-1.9972040967846355e-05,-5.710228027251196e-26
BPH.23008,3894.986199999982,14.74286094745392,14.724370882362791,-0.00013654402256112067,-4.861112156996737e-23,102.38187390000638,21.1129747567028,-0.00011129541771514143,-2.8841705727651894e-26
BPV.23108,3926.9838999999824,14.853135179187557,14.856890593947083,1.5997403518262098e-05,1.9080429910484263e-23,21.084444680310177,102.1533423037847,-5.133725717983243e-05,-3.313472404536649e-26
BPH.23208,3958.9815999999823,14.985775225683094,14.966996658628979,0.00021304144991626467,5.371393325006437e-23,102.20663799249833,21.173777144722667,-4.791323761817159e-05,4.484023444734947e-27
BPV.23308,3990.9792999999822,15.095474249363729,15.09914120221849,0.00011732054954200872,1.6276177985249e-22,21.306118963602362,102.29883736323075,1.4818756007243481e-05,5.1453346259376044e-26
BPH.23408,4022.976999999982,15.226960979867581,15.209331651843605,0.00015717133120992586,5.367760097380004e-23,102.4945260280815,21.116447942183164,0.00010650568701993851,2.776765924383387e-26
BPV.23508,4054.9746999999825,15.33709750198409,15.341872221138747,-4.600447695299973e-06,-3.7391793928857384e-24,21.105220826925727,102.11219737948919,5.283644561161648e-05,3.598571736172666e-26
BPH.23608,4086.9723999999824,15.469740812831873,15.452017886110559,-0.00019797145926975893,-4.865721611399049e-23,102.10303645621242,21.16924146641971,5.862143092509102e-05,-1.674259939427847e-27
BPV.30108,4118.970099999984,15.579506233472152,15.584168193438082,-0.00011817580041687589,-1.6310578571341207e-22,21.30558047616894,102.31515074942382,-9.497710220204065e-06,-5.005913769486649e-26
BPH.30208,4150.967799999988,15.710921187417572,15.694284080592983,-0.00017784122630467832,-5.829143691560947e-23,102.58232413102233,21.13667140781158,-0.0001005798411559502,-3.1394579402139525e-26
BPV.30308,4182.965499999992,15.820935533302208,15.82676449989166,-7.689510229305863e-06,-1.1721195218922771e-23,21.126269808750877,102.08478684302801,-5.380600454442658e-05,-3.9605002613057986e-26
BPH.30408,4214.9631999999965,15.953560987630372,15.93698717789934,0.00017929344115256047,4.313667354239163e-23,102.02201168355975,21.150395281396882,-6.882028407753565e-05,1.4922642707892448e-27
BPV.30508,4246.9609,16.063481942996535,16.06918891020841,0.00011699780166305761,1.6201690310985665e-22,21.27266671238893,102.3447026311505,4.058851577125652e-06,5.0992976345552384e-26
BPH.30608,4278.958600000004,16.194960971594313,16.17927508906817,0.00019513582115872306,6.235463525445346e-23,102.66493491449188,21.140383091302507,9.366169905176175e-05,3.006222589796748e-26
BPV.30708,4310.956300000009,16.30487440965742,16.31174699216898,1.907407865495556e-05,2.6983361875858745e-23,21.14172251921455,102.07669107575164,5.421412592968296e-05,4.440873491071743e-26
BPH.30808,4342.954000000014,16.437499530083997,16.421991692431803,-0.00016040650505000752,-3.726268206636262e-23,101.94791951797323,21.14488336077687,7.823732652959648e-05,1.2825579842175802e-27
BPV.30908,4374.951700000018,16.547492789373553,16.554219419854633,-0.00011546798927605394,-1.5946948539030095e-22,21.26440944981657,102.34084700621885,1.4014333991649804e-06,-4.9565835421824786e-26
BPH.31008,4406.949400000021,16.678945611126522,16.664291377974827,-0.00021202718803853317,-6.586151689692447e-23,102.73437833758484,21.14574222736808,-8.576295567829634e-05,-3.1581172947046005e-26
BPWA.31101,4437.462600000026,16.778049656930907,16.79434147553635,-4.024192391462948e-05,-4.2888798273308444e-23,22.933200563266332,95.4022282880961,-5.5859479062836785e-05,-5.026148352848e-26
BPV.31108,4438.947100000027,16.788785412439015,16.79673567490926,-3.107194390546081e-05,-4.200118313014307e-23,21.150977791301237,102.08339763244247,-5.406192357500406e-05,-5.139987772690552e-26
BPCR.31202,4469.5916000000325,16.91925278186805,16.897150271115276,0.00013125631719097762,2.7835478451154425e-23,95.78286536425496,22.742126999425405,-8.529023927670634e-05,-1.0541496978949372e-26
BPH.31208,4470.944800000033,16.92143308337531,16.906977785704765,0.00013836038985206537,3.1055742758695994e-23,101.87626939609228,21.144576052696653,-8.685448134222715e-05,-8.609575474641148e-27
BPV.31308,4502.9426000000385,17.031557270975814,17.03919780305687,0.00011195993942991947,1.555068740966942e-22,21.237806825841226,102.35093481448632,-6.824331934314691e-06,2.7627657686805815e-26
BPH.31408,4534.940300000044,17.16305423335153,17.149307925052003,0.00022519598450875357,6.875442272198147e-23,102.8103593983597,21.13178352754189,7.706369579433854e-05,2.71287131121184e-26
BPW.31456,4549.0278000000435,17.189672372276604,17.236307745071404,0.00015453125452922654,6.0586584420158e-23,60.87806622884512,39.52248861934848,7.018601702714176e-05,4.5060373929344224e-26
BPV.31508,4566.938000000046,17.272834345882107,17.28178464676977,4.1958770696297586e-05,5.660280979645145e-23,21.155160410985214,102.14095539752499,5.33595223800596e-05,7.057011843018148e-26
BPH.31605,4598.168700000049,17.4042978421185,17.386286056465543,-0.00011263775266741375,-2.2523224119686398e-23,98.33569655086954,22.039571532406917,9.343124817178275e-05,1.5883209773107668e-26
BPH.31608,4598.935700000049,17.405517838535186,17.39193989833233,-0.0001163811984436102,-2.4571539253871693e-23,101.8150779313388,21.16037387080662,9.451839630150742e-05,1.4401716509110392e-26
BPV.31708,4630.933400000047,17.515677000668074,17.524124104233714,-0.0001080254177297925,-1.5014667328013635e-22,21.239337184804715,102.37201519651684,2.4096658365310454e-05,-2.6797330407067434e-26
BPH.31808,4662.931100000046,17.647127416105324,17.63398347100053,-0.00023723136487627955,-7.12524864579304e-23,102.86205873316958,21.219321081137764,-7.662353156805502e-06,-1.763347778389133e-26
BPV.31908,4694.928800000043,17.75680448182837,17.76602379973878,-5.289369219993362e-05,-7.148038394414882e-23,21.17783549931625,102.25654053947996,-2.055759772319393e-05,5.915885153587124e-28
BPWC.31933,4700.698800000044,17.800108660214914,17.775042776706304,-2.4102045290155836e-05,-5.992454263796896e-23,23.86009976926455,92.33558947383538,-3.389169044882848e-05,1.5206229848185348e-27
BPH.32008,4726.926500000043,17.889435146838316,17.876145423752654,9.254380202727215e-05,1.7513359312165644e-23,101.76954301482007,21.158891431717347,-0.00010407069343665948,1.378445078760377e-26
BPWB.32101,4757.440000000047,17.988999312082885,18.005986464047453,0.00010254144430115155,1.3711123070978126e-22,22.966033538372287,95.58049324524733,-5.594791278075601e-05,1.7574948708211674e-26
BPV.32108,4758.924200000047,17.99970999681938,18.008375760844388,0.00010264108674993149,1.430219304544852e-22,21.21112364952776,102.2700308166035,-5.319526826611519e-05,1.780964725806377e-26
BPH.32208,4790.9219000000485,18.131249571645583,18.118524623659876,0.00024616340551898995,7.282560494027562e-23,102.89182663542603,21.141152762913308,-6.267685686236648e-05,-9.54163310570981e-28
BPVT.32303,4821.665400000053,18.231713399689074,18.248872654545938,7.091893707704487e-05,8.437170482663675e-23,22.70120651261437,96.53729452362599,4.383599659032587e-06,-2.299592512111314e-26
BPCN.32308,4822.917100000053,18.24079712010713,18.25087837414998,6.298146370367452e-05,8.506221886935241e-23,21.210062414075143,102.19442655068036,7.311610372895209e-06,-2.3923117391098873e-26
BPH.32408,4854.917300000057,18.37333129610185,18.361065232148494,-6.834512932215022e-05,-1.0608132726707438e-23,101.76085222210091,21.137986492433516,9.777031610790712e-05,-1.4746178543273992e-26
BPV.32508,4886.915000000061,18.483674087156647,18.49343124171926,-9.663358942876309e-05,-1.3499905186035987e-22,21.19091633043904,102.21301131583489,5.393649642453997e-05,-2.3409839323983358e-26
BPH.32608,4918.912700000064,18.61530796181394,18.60353315380948,-0.0002537578846736537,-7.385962067362433e-23,102.87739357083731,21.162157501640497,7.251317043843313e-05,1.1541821364227307e-26
BPCN.32708,4950.9079000000675,18.724720870479974,18.735813189376856,-7.31176833947806e-05,-9.782370386551867e-23,21.256130949692533,102.18066729029269,-1.8626357691332266e-06,5.732101113028967e-26
BPH.32808,4982.9081000000715,18.857050939602697,18.846016012001144,4.195466725075813e-05,3.630617115044664e-24,101.77593549936759,21.135776274936234,-9.039638306355526e-05,2.5291598648612656e-26
BPV.32908,5014.905800000075,18.96753713698226,18.978376722849774,8.885590944680451e-05,1.2576471731573646e-22,21.1420620920319,102.22897149060442,-5.4092957057672055e-05,2.0660324739606956e-26
BPH.33008,5046.903500000079,19.099392787189323,19.088499670577466,0.00025725035920247494,7.418575716242142e-23,102.84997399646066,21.15251396131417,-8.160083456766808e-05,-9.140791143918703e-27
BPNB.33105,5078.226700000083,19.203821512063612,19.21974997385566,8.579501207900293e-05,1.0880628384769335e-22,22.054786054086037,99.1274015944554,-5.349226961850925e-06,-5.438427370472609e-26
BPV.33108,5078.901200000083,19.208778220095198,19.220816531490588,8.165728790078634e-05,1.0967318331952462e-22,21.27453360126693,102.19941369774139,-3.5693879185575447e-06,-5.537801516865207e-26
BPH.33208,5110.898900000087,19.340960366518445,19.331011892558834,-1.6822712445461803e-05,3.3577591977198376e-24,101.82703084057957,21.13540534074937,8.219215347903759e-05,-2.6142369422126155e-26
BPV.33308,5142.896600000091,19.451472138598938,19.46338131125334,-8.102441598573833e-05,-1.1543347359666226e-22,21.123376756876013,102.22057054204049,5.373504831677969e-05,-2.5394540878457712e-26
BPH.33408,5174.8943000000945,19.58345583653033,19.57350903040554,-0.0002596729189414409,-7.386951424647496e-23,102.78889256179836,21.15272165194745,8.986773266428318e-05,6.978053992128614e-27
BPV.33508,5206.8920000001,19.692827380809995,19.705817680094388,-9.018096909462709e-05,-1.2054778235893427e-22,21.29118924992752,102.2089309879113,8.972768729968988e-06,5.348056229822782e-26
BPH.33608,5238.889700000105,19.824892899057858,19.81596902126548,-1.0004619055292093e-05,-1.0337130837168058e-23,101.8821444634836,21.147544419454036,-7.316002031187383e-05,2.9270122431911274e-26
BPV.40108,5270.88740000011,19.935417950880925,19.94829162998354,7.158615934537011e-05,1.040067300773068e-22,21.107748164250406,102.21602049541828,-5.283526039830157e-05,3.992263930189164e-26
BPH.40208,5302.885100000114,20.067511771930903,20.058488302712526,0.0002579483504641872,7.285970180963964e-23,102.73295212339328,21.13197999466178,-9.723431422241774e-05,8.956624519144425e-27
BPV.40308,5334.8828000001195,20.1769592074706,20.19086201627437,9.695437875651184e-05,1.3033501248493e-22,21.27875653578186,102.23114376533881,-1.4253177646779383e-05,-2.7675430670795364e-26
BPH.40408,5366.880500000125,20.309009663805192,20.301012324083334,3.5055132744218337e-05,1.7182464164538858e-23,101.96094255384618,21.143290801185795,6.35006254243422e-05,-2.0915682340767438e-26
BPV.40508,5398.878200000128,20.419441813210284,20.43337278545243,-6.226577101850538e-05,-9.178269150577431e-23,21.121042008767574,102.19293038027716,5.1442469061197225e-05,-3.993185151775486e-26
BPH.40608,5430.875900000132,20.551551771517865,20.54354432353721,-0.000255145732769165,-7.126845367024217e-23,102.65126404070801,21.14439104709149,0.00010361580245769078,-6.486680493935077e-27
BPV.40708,5462.873600000135,20.661013062066782,20.67586674320602,-0.00010359225791348685,-1.3898104200470553e-22,21.290674889832356,102.23216370591896,1.942514163834624e-05,2.391451176393965e-26
BPH.40808,5494.871300000139,20.79295146110033,20.786013925581774,-6.143749508383981e-05,-2.3896018122680955e-23,102.03395038244426,21.144028287450357,-5.308393981396776e-05,2.0343590180161873e-26
BPV.40908,5526.8690000001425,20.903358143332586,20.918375124817093,5.147154144984002e-05,7.869209643288677e-23,21.11387945540468,102.1885022766195,-4.9492222141299306e-05,4.3578193618267235e-26
BPH.41008,5558.866700000146,21.03556390993657,21.028552062063238,0.00024823277743419556,6.901837679068689e-23,102.57300779103994,21.143577011153553,-0.0001089610361849913,9.222598839741466e-27
BPV.41108,5590.86450000015,21.145059528217725,21.16087449372365,0.00010838711243284384,1.4639472700332133e-22,21.296375168643316,102.23565570567821,-2.4403481951649725e-05,-1.8536779119023329e-26
BPH.41208,5622.862200000154,21.276891200867258,21.271061945052924,8.567583625150498e-05,3.036778481979823e-23,102.13320802762136,21.13053177854785,4.212298925600764e-05,-1.2366398472464088e-26
BPV.41308,5654.859900000158,21.387270005413757,21.4034796264803,-4.094734638668605e-05,-6.50010777791584e-23,21.102379158258927,102.18800562523342,4.703188896185418e-05,-1.972239521948841e-26
BPH.41408,5686.857600000161,21.519617781579264,21.513599888752392,-0.0002403479373925996,-6.619412532864875e-23,102.46411929028973,21.161469440151375,0.00011317794183952075,3.717821326838246e-27
BPV.41508,5718.855300000163,21.62907766300642,21.64584621166268,-0.00011287763919083879,-1.5254574462898137e-22,21.33016648473529,102.26876029047344,2.916582445197605e-05,2.2953305598011547e-26
BPH.41608,5750.8530000001665,21.76068971523081,21.75593721080387,-0.00011050831703552004,-3.667014930800675e-23,102.22939662929153,21.154534182749874,-3.0620587067659786e-05,1.9452241105760365e-26
BPCE.41705,5782.063200000168,21.86526734386235,21.88701033215072,2.5671164701826357e-05,4.8348152069920053e-23,21.976833023117592,98.65393303686548,-4.3794332924577136e-05,3.9828316086027084e-26
BPCE.41801,5812.743900000168,21.999422960868053,21.983331320201653,0.0002158910711383494,6.221437175999197e-23,93.70847873706434,23.801763315709053,-0.0001118492999474021,1.0397385528580745e-26
BPCE.41931,5850.996600000169,22.143241354632018,22.13571158033487,0.00011098780090928755,1.5454875141241356e-22,22.02430681754226,100.4864072308864,-2.5379008860420537e-05,-2.0224920820736668e-26
BPH.42008,5878.843800000168,22.242980871067154,22.23876793162533,0.00013589118422837013,4.345661570151708e-23,102.37196865087215,21.208910389874664,1.7680122614609353e-05,-1.8580229270655382e-26
BPMBV.42105,5910.068300000168,22.347603134226823,22.370401593230188,-1.258441981428127e-05,-3.2035323519628415e-23,21.94961529917478,97.80311308936871,3.978690687817172e-05,-4.0815183216602134e-26
BPV.42108,5910.841500000168,22.353327518081496,22.371638013336636,-1.6523449976408813e-05,-3.383513134985145e-23,21.063276399236774,101.28567027071094,4.029387927947885e-05,-4.1402475769847065e-26
BPCL.42171,5928.402000000167,22.453198674427803,22.408805625289165,-0.00012404572769827353,-4.8648278233790115e-23,48.53539681540924,49.40098259277505,8.154733814746577e-05,-2.5336600391434827e-26
BPMEA.42172,5929.117300000168,22.455496234593888,22.411158416976598,-0.00012852093675050336,-4.9128624777541396e-23,50.58860358987687,47.39646163333468,8.336731199395026e-05,-2.454760981705409e-26
BPH.42208,5942.839200000168,22.486054961474185,22.482638591687095,-0.000214370749547548,-5.834331405294129e-23,102.20855865532876,21.074213942358227,0.00011828063385016958,-9.412069970827504e-27
BPV.42308,5974.836900000168,22.59565166745002,22.614445935765605,-0.00011792119210762141,-1.6162977852038097e-22,21.33835828546633,103.18292427497117,3.809032837892162e-05,1.5824229898890396e-26
BPH.42408,6006.8346000001675,22.727008934944212,22.723660117541503,-0.00015797610016755846,-4.9018063123728463e-23,102.49181212798702,21.249368026502523,-5.800929569412876e-06,2.9442082489748604e-26
BPV.42508,6038.832300000168,22.837218939066634,22.85636958714872,4.346279088627958e-06,1.847065436198641e-23,21.082000407585426,101.27797671084285,-3.6472278594755154e-05,8.324927683917481e-26
BPH.42608,6070.830000000168,22.96996540271313,22.96751779544321,0.00019773631595913335,5.369065975384039e-23,102.09216280131385,21.02415354114267,-0.00011887372671970852,2.6625381669877254e-26
BPV.42708,6102.827700000168,23.079765230898545,23.099570393173327,0.00011794079706411741,1.6339444608433325e-22,21.297265672840677,103.13464095630292,-4.1723248380741105e-05,-1.5208527403889133e-26
BPH.42808,6134.825400000168,23.211179701025642,23.208761930787457,0.00017704368531855784,5.405169383169955e-23,102.62223651037193,21.266840878828397,-6.0441899208961324e-06,-1.9626418293659518e-26
BPV.42908,6166.823100000168,23.321198549507212,23.341342132093267,7.110301180465537e-06,-3.1843743030773463e-24,21.116635920857664,101.3441834933894,3.230967063504255e-05,-4.9930295099451735e-26
BPH.43008,6198.820800000168,23.453900500666055,23.452497566990143,-0.00018065493612260604,-4.863939306099172e-23,101.97893752986322,21.00783104807503,0.00011825649124309036,-1.3747334692470526e-26
BPV.43108,6230.818500000168,23.563821890939305,23.584699848450505,-0.0001176038791537007,-1.636944175708455e-22,21.28111576663378,103.03858914078006,4.4971773077538455e-05,1.050509635550615e-26
BPH.43208,6262.816200000168,23.695225938855415,23.693861138551014,-0.00019593740008138906,-5.863332591490154e-23,102.7120178252206,21.296382234282557,1.7933398523816143e-05,1.8307493778683183e-26
BPV.43308,6294.813900000167,23.805097959124865,23.826234426635814,-1.932690224913008e-05,-1.2223936851963924e-23,21.145010956471328,101.44340058554809,-2.77856709393235e-05,4.978277333945424e-26
BPH.43408,6326.811600000168,23.937749157558468,23.937410993264667,0.00016017317802944728,4.312313341162709e-23,101.89999307302418,20.980648132112407,-0.00011644374785692268,1.4795381876595182e-26
BPV.43508,6358.809300000168,24.047814118898184,24.06982194605354,0.00011526586013210211,1.6255153058127015e-22,21.251556266751436,102.9244844533043,-4.7761970859921115e-05,-6.3472985589408905e-27
BPH.43608,6390.807000000168,24.179269862735392,24.17902650568082,0.00021132454851162684,6.266156541539601e-23,102.7928017847333,21.306186923778444,-2.965298976745294e-05,-2.352383403439252e-27
BPV.50108,6422.804700000168,24.28906492322295,24.31123619355431,3.052910124867797e-05,2.74329655519165e-23,21.153551748060476,101.58673825885944,2.2980943963063447e-05,-2.56557253269265e-27
BPH.50208,6454.802400000168,24.421742584298997,24.42235557104629,-0.00013970458104051197,-3.725309584120647e-23,101.83037593402791,20.968766766039487,0.00011347132754994599,-8.282827916896476e-28
BPV.50308,6486.800100000168,24.531837271879215,24.554958116442457,-0.0001126073410526505,-1.5995464105929277e-22,21.255947472990936,102.75966730803353,5.0102198678446615e-05,-6.4162860802551925e-27
BPH.50408,6518.797800000168,24.663240255306953,24.664150206775265,-0.00022613324265456246,-6.620033469183809e-23,102.83420646675134,21.344263262154815,4.1128174824035385e-05,1.1498644013137906e-26
BPV.50508,6550.7955000001675,24.772983192703773,24.796056383180378,-4.223549989054852e-05,-4.260532382178567e-23,21.16143174724491,101.76037260634081,-1.7925598873756835e-05,4.6999318346007157e-26
BPH.50608,6582.793200000167,24.90566543222557,24.90715524759734,0.00011625072719401367,3.097959938924015e-23,101.7847536101519,20.939640185105237,-0.00010934740069084632,1.8964803870106285e-26
BPV.50708,6614.790900000168,25.01586238005726,25.040027438507753,0.00010798322592805503,1.559411749653311e-22,21.232810376942087,102.5856774061331,-5.190418902856883e-05,1.0842361581587738e-26
BPH.50808,6646.788600000168,25.147317119035183,25.14929690843288,0.00023708907493973024,6.911901906510228e-23,102.88451457360739,21.35530244493102,-5.2120930221933074e-05,-9.814792364060402e-27
BPV.50908,6678.786400000168,25.256995347420126,25.280991976002543,5.2691254872985904e-05,5.731166442404789e-23,21.17242929015294,101.9564033500424,1.2717210111319101e-05,-4.972586815998123e-26
BPH.51008,6710.784100000168,25.389670394255706,25.39198520867852,-9.322188457740367e-05,-2.445869762339184e-23,101.74164147447507,20.93249500552128,0.00010414076743476468,-2.2095340689943226e-26
BPV.51108,6742.781800000168,25.499930945562646,25.52506080348343,-0.00010308878242086029,-1.5052985703268881e-22,21.22112845039835,102.38469716170596,5.319379640539606e-05,-1.8074633655802722e-26
BPH.51208,6774.779500000168,25.631412968088682,25.63440796937693,-0.00024718024050789566,-7.145061578451968e-23,102.90979639273861,21.371345633495604,6.257858515307585e-05,2.2452369168507576e-26
BPMBV.51303,6805.441700000168,25.731284905092178,25.763737599976494,-7.193843813646892e-05,-7.13449553083972e-23,22.809421262366467,96.14124737734076,-4.243267861419407e-06,9.093452597037252e-26
BPV.51308,6806.777200000168,25.740954108036103,25.76588258924826,-6.344980919662322e-05,-7.156960977418203e-23,21.210974982320753,102.13996449294577,-7.364818017459108e-06,9.398671131325748e-26
BPH.51408,6838.774900000168,25.87348469407101,25.87676578614343,6.757420107870108e-05,1.7697550281279293e-23,101.72242848842464,20.92951799663887,-9.781739643417198e-05,3.7594686409144907e-26
BPMBV.51503,6869.437100000167,25.974209178678056,26.007847927586877,9.539913618096604e-05,1.3845444617662833e-22,22.739645649948788,96.19293010129319,-5.60758334679179e-05,1.8696986301525668e-26
BPV.51508,6870.772600000168,25.98390135685051,26.009991153751002,9.63527634785824e-05,1.437983700368611e-22,21.175704059881113,102.25240957573956,-5.3910282099638215e-05,1.836035475306461e-26
BPCE.51604,6901.566100000168,26.11363365144018,26.110771485142102,0.000247223810266117,7.621690272269869e-23,97.4487500630486,22.780875354335418,-7.154040342661352e-05,-6.111953748838649e-27
